Workbook

Sheet Opt.vs.Act
A1: SOrderNbr | B1: Opt Bund | C1: Actual Bund ? | D1: Bundle Error | E1: Opt_lbs | F1: Actual_lbs ? | G1: lbs Error
A2: {=_xlfn._xlws.SORT(_xlfn.UNIQUE(_xlfn._xlws.FILTER(Optimized_Bundles!B:B, Optimized_Bundles!B:B<>"")))} -> 1000068 | B2: =IFERROR( _xlfn.MAXIFS(Optimized_Bundles!$C:$C, Optimized_Bundles!$B:$B, $A2), "") -> 5 | D2: =B2-C2 -> 5 | E2: 9704 | G2: =E2-F2 -> 9704
A3: 1000085 | B3: =IFERROR( _xlfn.MAXIFS(Optimized_Bundles!$C:$C, Optimized_Bundles!$B:$B, $A3), "") -> 2 | D3: =B3-C3 -> 2 | E3: 3113 | G3: =E3-F3 -> 3113
A4: 1000091 | B4: =IFERROR( _xlfn.MAXIFS(Optimized_Bundles!$C:$C, Optimized_Bundles!$B:$B, $A4), "") -> 1 | D4: =B4-C4 -> 1 | E4: 201 | G4: =E4-F4 -> 201
A5: 1000092 | B5: =IFERROR( _xlfn.MAXIFS(Optimized_Bundles!$C:$C, Optimized_Bundles!$B:$B, $A5), "") -> 1 | D5: =B5-C5 -> 1 | E5: 946 | G5: =E5-F5 -> 946
A6: 1000503 | B6: =IFERROR( _xlfn.MAXIFS(Optimized_Bundles!$C:$C, Optimized_Bundles!$B:$B, $A6), "") -> 1 | D6: =B6-C6 -> 1 | E6: 42 | G6: =E6-F6 -> 42
A7: 1000789 | B7: =IFERROR( _xlfn.MAXIFS(Optimized_Bundles!$C:$C, Optimized_Bundles!$B:$B, $A7), "") -> 0 | D7: =B7-C7 -> 0 | E7: 0 | G7: =E7-F7 -> 0
A8: 1000790 | B8: =IFERROR( _xlfn.MAXIFS(Optimized_Bundles!$C:$C, Optimized_Bundles!$B:$B, $A8), "") -> 0 | D8: =B8-C8 -> 0 | E8: 0 | G8: =E8-F8 -> 0
A9: 1000791 | B9: =IFERROR( _xlfn.MAXIFS(Optimized_Bundles!$C:$C, Optimized_Bundles!$B:$B, $A9), "") -> 0 | D9: =B9-C9 -> 0 | E9: 0 | G9: =E9-F9 -> 0
A10: 1000792 | B10: =IFERROR( _xlfn.MAXIFS(Optimized_Bundles!$C:$C, Optimized_Bundles!$B:$B, $A10), "") -> 0 | D10: =B10-C10 -> 0 | E10: 0 | G10: =E10-F10 -> 0
A11: 1000794 | B11: =IFERROR( _xlfn.MAXIFS(Optimized_Bundles!$C:$C, Optimized_Bundles!$B:$B, $A11), "") -> 0 | D11: =B11-C11 -> 0 | E11: 0 | G11: =E11-F11 -> 0
A12: 1000795 | B12: =IFERROR( _xlfn.MAXIFS(Optimized_Bundles!$C:$C, Optimized_Bundles!$B:$B, $A12), "") -> 0 | D12: =B12-C12 -> 0 | E12: 0 | G12: =E12-F12 -> 0
A13: 1000796 | B13: =IFERROR( _xlfn.MAXIFS(Optimized_Bundles!$C:$C, Optimized_Bundles!$B:$B, $A13), "") -> 0 | D13: =B13-C13 -> 0 | E13: 0 | G13: =E13-F13 -> 0
A14: 1000797 | B14: =IFERROR( _xlfn.MAXIFS(Optimized_Bundles!$C:$C, Optimized_Bundles!$B:$B, $A14), "") -> 1 | D14: =B14-C14 -> 1 | E14: 1019 | G14: =E14-F14 -> 1019
... A118: 1015707 | B118: =IFERROR( _xlfn.MAXIFS(Optimized_Bundles!$C:$C, Optimized_Bundles!$B:$B, $A118), "") -> 2 | D118: =B118-C118 -> 2 | E118: 4189 | G118: =E118-F118 -> 4189
A119: 1015708 | B119: =IFERROR( _xlfn.MAXIFS(Optimized_Bundles!$C:$C, Optimized_Bundles!$B:$B, $A119), "") -> 1 | C119: 1 | D119: =B119-C119 -> 0 | E119: 426 | F119: 343 | G119: =E119-F119 -> 83
A120: 1015709 | B120: =IFERROR( _xlfn.MAXIFS(Optimized_Bundles!$C:$C, Optimized_Bundles!$B:$B, $A120), "") -> 1 | D120: =B120-C120 -> 1 | E120: 165 | G120: =E120-F120 -> 165
A121: 1015710 | B121: =IFERROR( _xlfn.MAXIFS(Optimized_Bundles!$C:$C, Optimized_Bundles!$B:$B, $A121), "") -> 1 | D121: =B121-C121 -> 1 | E121: 44 | G121: =E121-F121 -> 44
A122: 1015713 | B122: =IFERROR( _xlfn.MAXIFS(Optimized_Bundles!$C:$C, Optimized_Bundles!$B:$B, $A122), "") -> 2 | D122: =B122-C122 -> 2 | E122: 103 | G122: =E122-F122 -> 103
A123: 1015714 | B123: =IFERROR( _xlfn.MAXIFS(Optimized_Bundles!$C:$C, Optimized_Bundles!$B:$B, $A123), "") -> 1 | D123: =B123-C123 -> 1 | E123: 136 | G123: =E123-F123 -> 136
A124: 1015716 | B124: =IFERROR( _xlfn.MAXIFS(Optimized_Bundles!$C:$C, Optimized_Bundles!$B:$B, $A124), "") -> 1 | D124: =B124-C124 -> 1 | E124: 346 | G124: =E124-F124 -> 346
A125: 1015718 | B125: =IFERROR( _xlfn.MAXIFS(Optimized_Bundles!$C:$C, Optimized_Bundles!$B:$B, $A125), "") -> 2 | D125: =B125-C125 -> 2 | E125: 2703 | G125: =E125-F125 -> 2703
A126: 1015719 | B126: =IFERROR( _xlfn.MAXIFS(Optimized_Bundles!$C:$C, Optimized_Bundles!$B:$B, $A126), "") -> 1 | D126: =B126-C126 -> 1 | E126: 1438 | G126: =E126-F126 -> 1438
A127: 1015721 | B127: =IFERROR( _xlfn.MAXIFS(Optimized_Bundles!$C:$C, Optimized_Bundles!$B:$B, $A127), "") -> 1 | D127: =B127-C127 -> 1 | E127: 176 | G127: =E127-F127 -> 176
A128: 1015724 | B128: =IFERROR( _xlfn.MAXIFS(Optimized_Bundles!$C:$C, Optimized_Bundles!$B:$B, $A128), "") -> 7 | D128: =B128-C128 -> 7 | E128: 11379 | G128: =E128-F128 -> 11379
A129: 1015731 | B129: =IFERROR( _xlfn.MAXIFS(Optimized_Bundles!$C:$C, Optimized_Bundles!$B:$B, $A129), "") -> 1 | D129: =B129-C129 -> 1 | E129: 85 | G129: =E129-F129 -> 85
A130: 1015732 | B130: =IFERROR( _xlfn.MAXIFS(Optimized_Bundles!$C:$C, Optimized_Bundles!$B:$B, $A130), "") -> 1 | D130: =B130-C130 -> 1 | E130: 80 | G130: =E130-F130 -> 80
A131: 1015733 | B131: =IFERROR( _xlfn.MAXIFS(Optimized_Bundles!$C:$C, Optimized_Bundles!$B:$B, $A131), "") -> 3 | D131: =B131-C131 -> 3 | E131: 5153 | G131: =E131-F131 -> 5153
A132: OrderNbr | B132: =IFERROR( _xlfn.MAXIFS(Optimized_Bundles!$C:$C, Optimized_Bundles!$B:$B, $A132), "") -> 0 | D132: =B132-C132 -> 0 | E132: 0 | G132: =E132-F132 -> 0
B133: =IFERROR( _xlfn.MAXIFS(Optimized_Bundles!$C:$C, Optimized_Bundles!$B:$B, $A133), "") -> 0 | D133: =B133-C133 -> 0 | E133: 0 | G133: =E133-F133 -> 0
B134: =IFERROR( _xlfn.MAXIFS(Optimized_Bundles!$C:$C, Optimized_Bundles!$B:$B, $A134), "") -> 0 | D134: =B134-C134 -> 0 | E134: 0 | G134: =E134-F134 -> 0
B135: =IFERROR( _xlfn.MAXIFS(Optimized_Bundles!$C:$C, Optimized_Bundles!$B:$B, $A135), "") -> 0 | D135: =B135-C135 -> 0 | E135: 0 | G135: =E135-F135 -> 0
B136: =IFERROR( _xlfn.MAXIFS(Optimized_Bundles!$C:$C, Optimized_Bundles!$B:$B, $A136), "") -> 0 | D136: =B136-C136 -> 0 | E136: 0 | G136: =E136-F136 -> 0
B137: =IFERROR( _xlfn.MAXIFS(Optimized_Bundles!$C:$C, Optimized_Bundles!$B:$B, $A137), "") -> 0 | D137: =B137-C137 -> 0 | E137: 0 | G137: =E137-F137 -> 0
B138: =IFERROR( _xlfn.MAXIFS(Optimized_Bundles!$C:$C, Optimized_Bundles!$B:$B, $A138), "") -> 0 | D138: =B138-C138 -> 0 | E138: 0 | G138: =E138-F138 -> 0
B139: =IFERROR( _xlfn.MAXIFS(Optimized_Bundles!$C:$C, Optimized_Bundles!$B:$B, $A139), "") -> 0 | D139: =B139-C139 -> 0 | E139: 0 | G139: =E139-F139 -> 0
B140: =IFERROR( _xlfn.MAXIFS(Optimized_Bundles!$C:$C, Optimized_Bundles!$B:$B, $A140), "") -> 0 | D140: =B140-C140 -> 0 | E140: 0 | G140: =E140-F140 -> 0
B141: =IFERROR( _xlfn.MAXIFS(Optimized_Bundles!$C:$C, Optimized_Bundles!$B:$B, $A141), "") -> 0 | D141: =B141-C141 -> 0 | E141: 0 | G141: =E141-F141 -> 0
B142: =IFERROR( _xlfn.MAXIFS(Optimized_Bundles!$C:$C, Optimized_Bundles!$B:$B, $A142), "") -> 0 | D142: =B142-C142 -> 0 | E142: 0 | G142: =E142-F142 -> 0
B143: =IFERROR( _xlfn.MAXIFS(Optimized_Bundles!$C:$C, Optimized_Bundles!$B:$B, $A143), "") -> 0 | D143: =B143-C143 -> 0 | E143: 0 | G143: =E143-F143 -> 0
B144: =IFERROR( _xlfn.MAXIFS(Optimized_Bundles!$C:$C, Optimized_Bundles!$B:$B, $A144), "") -> 0 | D144: =B144-C144 -> 0 | E144: 0 | G144: =E144-F144 -> 0
... B274: =IFERROR( _xlfn.MAXIFS(Optimized_Bundles!$C:$C, Optimized_Bundles!$B:$B, $A274), "") -> 0 | D274: =B274-C274 -> 0 | E274: 0 | G274: =E274-F274 -> 0
D275: =B275-C275 -> 0

Sheet Optimized_Bundles
A1: OrderType | B1: OrderNbr | C1: BundleNbr | D1: Bdl_Override | E1: Machine | F1: ReviewedBy | G1: ApprovedBy | H1: InventoryID | I1: Quantity | J1: Pcs/Bundle | K1: TotalPcs | L1: Width_in | M1: Height_in | N1: Length_in | O1: Weight_lbs | P1: UOM | Q1: Description | R1: ShipTo | S1: AddressLine1 | T1: AddressLine2 | U1: City | V1: State | W1: Country | X1: Status | Y1: OrderDate | Z1: ProdReleaseDate | AA1: SchedShipDate | AB1: TargetArrival | AC1: NotBefore | AD1: ShipVia | AE1: LastModifiedOn | AF1: OptimizedOn
A2: SO | B2: 1015317 | C2: ALL | H2: Total_Order | I2: 97 | J2: N/A | K2: 1634 | L2: N/A | M2: N/A | N2: N/A | O2: 473 | Q2: Total Order Summary | R2: CRI Tech Corp-Shop | S2: 5340 W Robindale Road | U2: Las Vegas | V2: NV | W2: US | X2: Shipping | Y2: 2025-11-11 | Z2: 2025-11-11 | AA2: 2025-11-11 | AD2: COMMONCARRIER | AE2: 2025-11-18 | AF2: 2025-12-15
A3: SO | B3: 1015317 | C3: 1_ALL | E3: MIXED | H3: Total_Bundle_1 | I3: 42 | J3: N/A | K3: 696 | L3: 21 | M3: 8 | N3: 145 | O3: 205 | Q3: Bundle 1 Summary | R3: CRI Tech Corp-Shop | S3: 5340 W Robindale Road | U3: Las Vegas | V3: NV | W3: US | X3: Shipping | Y3: 2025-11-11 | Z3: 2025-11-11 | AA3: 2025-11-11 | AD3: COMMONCARRIER | AE3: 2025-11-18 | AF3: 2025-12-15
A4: SO | B4: 1015317 | C4: 1 | E4: MIXED | H4: 2LLEM.4.15OBL | I4: 34 | J4: 20 | K4: 680 | L4: 10 | M4: 4 | N4: 8 | O4: 5 | P4: BOX20 | Q4: 1-5/8" End Mount 4 inches (Premium Onyx Black) Box of 20 | R4: CRI Tech Corp-Shop | S4: 5340 W Robindale Road | U4: Las Vegas | V4: NV | W4: US | X4: Shipping | Y4: 2025-11-11 | Z4: 2025-11-11 | AA4: 2025-11-11 | AD4: COMMONCARRIER | AE4: 2025-11-18 | AF4: 2025-12-15
A5: SO | B5: 1015317 | C5: 1 | E5: MIXED | H5: Pack_Angle_3680 | I5: 1 | J5: 4 | K5: 4 | L5: 3 | M5: 0 | N5: 144 | O5: 12 | Q5: PRINTED ANGLEBOARD | R5: CRI Tech Corp-Shop | S5: 5340 W Robindale Road | U5: Las Vegas | V5: NV | W5: US | X5: Shipping | Y5: 2025-11-11 | Z5: 2025-11-11 | AA5: 2025-11-11 | AD5: COMMONCARRIER | AE5: 2025-11-18 | AF5: 2025-12-15
A6: SO | B6: 1015317 | C6: 1 | E6: MIXED | H6: Pack_1x4x19_Dun_3680 | I6: 1 | J6: 2 | K6: 2 | L6: 4 | M6: 1 | N6: 19 | O6: 2 | Q6: 1" X 4" X 19" DUNNAGE | R6: CRI Tech Corp-Shop | S6: 5340 W Robindale Road | U6: Las Vegas | V6: NV | W6: US | X6: Shipping | Y6: 2025-11-11 | Z6: 2025-11-11 | AA6: 2025-11-11 | AD6: COMMONCARRIER | AE6: 2025-11-18 | AF6: 2025-12-15
A7: SO | B7: 1015317 | C7: 1 | E7: MIXED | H7: Pack_2x3x19_Dun_3680 | I7: 1 | J7: 2 | K7: 2 | L7: 3 | M7: 1 | N7: 19 | O7: 4 | Q7: 2" X 3" X 19" DUNNAGE | R7: CRI Tech Corp-Shop | S7: 5340 W Robindale Road | U7: Las Vegas | V7: NV | W7: US | X7: Shipping | Y7: 2025-11-11 | Z7: 2025-11-11 | AA7: 2025-11-11 | AD7: COMMONCARRIER | AE7: 2025-11-18 | AF7: 2025-12-15
A8: SO | B8: 1015317 | C8: 1 | E8: MIXED | H8: Pack_Sub_Bndl_Wrp_3680 | I8: 1 | J8: 2 | K8: 2 | L8: 19 | M8: 0 | N8: 144 | O8: 5 | Q8: Sub-Bundle Wrap - Crepe Paper/Stretch Film | R8: CRI Tech Corp-Shop | S8: 5340 W Robindale Road | U8: Las Vegas | V8: NV | W8: US | X8: Shipping | Y8: 2025-11-11 | Z8: 2025-11-11 | AA8: 2025-11-11 | AD8: COMMONCARRIER | AE8: 2025-11-18 | AF8: 2025-12-15
A9: SO | B9: 1015317 | C9: 1 | E9: MIXED | H9: Pack_Mst_Bndl_Wrp_3680 | I9: 1 | J9: 2 | K9: 2 | L9: 19 | M9: 0 | N9: 144 | O9: 1 | Q9: Master Bundle - Stretch Wrap | R9: CRI Tech Corp-Shop | S9: 5340 W Robindale Road | U9: Las Vegas | V9: NV | W9: US | X9: Shipping | Y9: 2025-11-11 | Z9: 2025-11-11 | AA9: 2025-11-11 | AD9: COMMONCARRIER | AE9: 2025-11-18 | AF9: 2025-12-15
A10: SO | B10: 1015317 | C10: 1 | E10: MIXED | H10: Pack_Pad_19_3680 | I10: 1 | J10: 2 | K10: 2 | L10: 19 | M10: 0 | N10: 144 | O10: 6 | Q10: PAD - 19" X 144" DW ECT #3 WHITE | R10: CRI Tech Corp-Shop | S10: 5340 W Robindale Road | U10: Las Vegas | V10: NV | W10: US | X10: Shipping | Y10: 2025-11-11 | Z10: 2025-11-11 | AA10: 2025-11-11 | AD10: COMMONCARRIER | AE10: 2025-11-18 | AF10: 2025-12-15
A11: SO | B11: 1015317 | C11: 1 | E11: MIXED | H11: Pack_Lumber_3680 | I11: 2 | J11: 1 | K11: 2 | L11: 4 | M11: 1 | N11: 144 | O11: 6 | Q11: COMMON LUMBER - 1" X 4" X 12' | R11: CRI Tech Corp-Shop | S11: 5340 W Robindale Road | U11: Las Vegas | V11: NV | W11: US | X11: Shipping | Y11: 2025-11-11 | Z11: 2025-11-11 | AA11: 2025-11-11 | AD11: COMMONCARRIER | AE11: 2025-11-18 | AF11: 2025-12-15
A12: SO | B12: 1015317 | C12: 2_ALL | E12: MACH5 | H12: Total_Bundle_2 | I12: 55 | J12: N/A | K12: 938 | L12: 14 | M12: 14 | N12: 145 | O12: 267 | Q12: Bundle 2 Summary | R12: CRI Tech Corp-Shop | S12: 5340 W Robindale Road | U12: Las Vegas | V12: NV | W12: US | X12: Shipping | Y12: 2025-11-11 | Z12: 2025-11-11 | AA12: 2025-11-11 | AD12: COMMONCARRIER | AE12: 2025-11-18 | AF12: 2025-12-15
A13: SO | B13: 1015317 | C13: 2 | E13: MACH5 | H13: 2LLEM.4.15OBL | I13: 46 | J13: 20 | K13: 920 | L13: 4 | M13: 10 | N13: 8 | O13: 5 | P13: BOX20 | Q13: 1-5/8" End Mount 4 inches (Premium Onyx Black) Box of 20 | R13: CRI Tech Corp-Shop | S13: 5340 W Robindale Road | U13: Las Vegas | V13: NV | W13: US | X13: Shipping | Y13: 2025-11-11 | Z13: 2025-11-11 | AA13: 2025-11-11 | AD13: COMMONCARRIER | AE13: 2025-11-18 | AF13: 2025-12-15
A14: SO | B14: 1015317 | C14: 2 | E14: MACH5 | H14: Pack_Angle_3680 | I14: 1 | J14: 4 | K14: 4 | L14: 3 | M14: 0 | N14: 144 | O14: 12 | Q14: PRINTED ANGLEBOARD | R14: CRI Tech Corp-Shop | S14: 5340 W Robindale Road | U14: Las Vegas | V14: NV | W14: US | X14: Shipping | Y14: 2025-11-11 | Z14: 2025-11-11 | AA14: 2025-11-11 | AD14: COMMONCARRIER | AE14: 2025-11-18 | AF14: 2025-12-15
A15: SO | B15: 1015317 | C15: 2 | E15: MACH5 | H15: Pack_1x4x19_Dun_3680 | I15: 1 | J15: 2 | K15: 2 | L15: 4 | M15: 1 | N15: 19 | O15: 2 | Q15: 1" X 4" X 19" DUNNAGE | R15: CRI Tech Corp-Shop | S15: 5340 W Robindale Road | U15: Las Vegas | V15: NV | W15: US | X15: Shipping | Y15: 2025-11-11 | Z15: 2025-11-11 | AA15: 2025-11-11 | AD15: COMMONCARRIER | AE15: 2025-11-18 | AF15: 2025-12-15
A16: SO | B16: 1015317 | C16: 2 | E16: MACH5 | H16: Pack_2x3x19_Dun_3680 | I16: 1 | J16: 2 | K16: 2 | L16: 3 | M16: 1 | N16: 19 | O16: 4 | Q16: 2" X 3" X 19" DUNNAGE | R16: CRI Tech Corp-Shop | S16: 5340 W Robindale Road | U16: Las Vegas | V16: NV | W16: US | X16: Shipping | Y16: 2025-11-11 | Z16: 2025-11-11 | AA16: 2025-11-11 | AD16: COMMONCARRIER | AE16: 2025-11-18 | AF16: 2025-12-15
A17: SO | B17: 1015317 | C17: 2 | E17: MACH5 | H17: Pack_Sub_Bndl_Wrp_3680 | I17: 1 | J17: 2 | K17: 2 | L17: 19 | M17: 0 | N17: 144 | O17: 5 | Q17: Sub-Bundle Wrap - Crepe Paper/Stretch Film | R17: CRI Tech Corp-Shop | S17: 5340 W Robindale Road | U17: Las Vegas | V17: NV | W17: US | X17: Shipping | Y17: 2025-11-11 | Z17: 2025-11-11 | AA17: 2025-11-11 | AD17: COMMONCARRIER | AE17: 2025-11-18 | AF17: 2025-12-15
A18: SO | B18: 1015317 | C18: 2 | E18: MACH5 | H18: Pack_Mst_Bndl_Wrp_3680 | I18: 1 | J18: 2 | K18: 2 | L18: 19 | M18: 0 | N18: 144 | O18: 1 | Q18: Master Bundle - Stretch Wrap | R18: CRI Tech Corp-Shop | S18: 5340 W Robindale Road | U18: Las Vegas | V18: NV | W18: US | X18: Shipping | Y18: 2025-11-11 | Z18: 2025-11-11 | AA18: 2025-11-11 | AD18: COMMONCARRIER | AE18: 2025-11-18 | AF18: 2025-12-15
A19: SO | B19: 1015317 | C19: 2 | E19: MACH5 | H19: Pack_Pad_19_3680 | I19: 1 | J19: 2 | K19: 2 | L19: 19 | M19: 0 | N19: 144 | O19: 6 | Q19: PAD - 19" X 144" DW ECT #3 WHITE | R19: CRI Tech Corp-Shop | S19: 5340 W Robindale Road | U19: Las Vegas | V19: NV | W19: US | X19: Shipping | Y19: 2025-11-11 | Z19: 2025-11-11 | AA19: 2025-11-11 | AD19: COMMONCARRIER | AE19: 2025-11-18 | AF19: 2025-12-15
A20: SO | B20: 1015317 | C20: 2 | E20: MACH5 | H20: Pack_Pad_10_3680 | I20: 1 | J20: 2 | K20: 2 | L20: 10 | M20: 0 | N20: 144 | O20: 4 | Q20: PAD - 10" X 144" DW ECT #3 WHITE | R20: CRI Tech Corp-Shop | S20: 5340 W Robindale Road | U20: Las Vegas | V20: NV | W20: US | X20: Shipping | Y20: 2025-11-11 | Z20: 2025-11-11 | AA20: 2025-11-11 | AD20: COMMONCARRIER | AE20: 2025-11-18 | AF20: 2025-12-15
A21: SO | B21: 1015317 | C21: 2 | E21: MACH5 | H21: Pack_Lumber_3680 | I21: 2 | J21: 1 | K21: 2 | L21: 4 | M21: 1 | N21: 144 | O21: 6 | Q21: COMMON LUMBER - 1" X 4" X 12' | R21: CRI Tech Corp-Shop | S21: 5340 W Robindale Road | U21: Las Vegas | V21: NV | W21: US | X21: Shipping | Y21: 2025-11-11 | Z21: 2025-11-11 | AA21: 2025-11-11 | AD21: COMMONCARRIER | AE21: 2025-11-18 | AF21: 2025-12-15
A23: SO | B23: 1015716 | C23: ALL | H23: Total_Order | I23: 22 | J23: N/A | K23: 99 | L23: N/A | M23: N/A | N23: N/A | O23: 346 | Q23: Total Order Summary | R23: Westrend Exteriors Inc. | S23: Customer Pickup | W23: CA | X23: Open | Y23: 2025-12-12 | Z23: 2025-12-12 | AA23: 2025-12-12 | AD23: COMMONCARRIER | AE23: 2025-12-15 | AF23: 2025-12-15
A24: SO | B24: 1015716 | C24: 1_ALL | E24: MIXED | H24: Total_Bundle_1 | I24: 22 | J24: N/A | K24: 99 | L24: 21 | M24: 15 | N24: 145 | O24: 346 | Q24: Bundle 1 Summary | R24: Westrend Exteriors Inc. | S24: Customer Pickup | W24: CA | X24: Open | Y24: 2025-12-12 | Z24: 2025-12-12 | AA24: 2025-12-12 | AD24: COMMONCARRIER | AE24: 2025-12-15 | AF24: 2025-12-15
A25: SO | B25: 1015716 | C25: 1 | E25: MIXED | H25: 2X4LL.145.15BEE | I25: 10 | J25: 4 | K25: 40 | L25: 4 | M25: 4 | N25: 145 | O25: 29 | P25: BOX2 | Q25: 1-5/8" x 4" Link & Lock 12 feet (Premium Beechwood) Box of 2 | R25: Westrend Exteriors Inc. | S25: Customer Pickup | W25: CA | X25: Open | Y25: 2025-12-12 | Z25: 2025-12-12 | AA25: 2025-12-12 | AD25: COMMONCARRIER | AE25: 2025-12-15 | AF25: 2025-12-15
A26: SO | B26: 1015716 | C26: 1 | E26: MIXED | H26: 2LLEM.4.15OBL | I26: 2 | J26: 20 | K26: 40 | L26: 10 | M26: 4 | N26: 8 | O26: 5 | P26: BOX20 | Q26: 1-5/8" End Mount 4 inches (Premium Onyx Black) Box of 20 | R26: Westrend Exteriors Inc. | S26: Customer Pickup | W26: CA | X26: Open | Y26: 2025-12-12 | Z26: 2025-12-12 | AA26: 2025-12-12 | AD26: COMMONCARRIER | AE26: 2025-12-15 | AF26: 2025-12-15
A27: SO | B27: 1015716 | C27: 1 | E27: MIXED | H27: Pack_62Filler | I27: 2 | J27: 1 | K27: 2 | L27: 6 | M27: 2 | N27: 144 | O27: 5 | Q27: 6"x2" FILLER BOX | R27: Westrend Exteriors Inc. | S27: Customer Pickup | W27: CA | X27: Open | Y27: 2025-12-12 | Z27: 2025-12-12 | AA27: 2025-12-12 | AD27: COMMONCARRIER | AE27: 2025-12-15 | AF27: 2025-12-15
A28: SO | B28: 1015716 | C28: 1 | E28: MIXED | H28: Pack_44Filler | I28: 1 | J28: 1 | K28: 1 | L28: 4 | M28: 4 | N28: 144 | O28: 4 | Q28: 4"x4" FILLER BOX | R28: Westrend Exteriors Inc. | S28: Customer Pickup | W28: CA | X28: Open | Y28: 2025-12-12 | Z28: 2025-12-12 | AA28: 2025-12-12 | AD28: COMMONCARRIER | AE28: 2025-12-15 | AF28: 2025-12-15
A29: SO | B29: 1015716 | C29: 1 | E29: MIXED | H29: Pack_Angle_3680 | I29: 1 | J29: 4 | K29: 4 | L29: 3 | M29: 0 | N29: 144 | O29: 12 | Q29: PRINTED ANGLEBOARD | R29: Westrend Exteriors Inc. | S29: Customer Pickup | W29: CA | X29: Open | Y29: 2025-12-12 | Z29: 2025-12-12 | AA29: 2025-12-12 | AD29: COMMONCARRIER | AE29: 2025-12-15 | AF29: 2025-12-15
A30: SO | B30: 1015716 | C30: 1 | E30: MIXED | H30: Pack_1x4x19_Dun_3680 | I30: 1 | J30: 2 | K30: 2 | L30: 4 | M30: 1 | N30: 19 | O30: 2 | Q30: 1" X 4" X 19" DUNNAGE | R30: Westrend Exteriors Inc. | S30: Customer Pickup | W30: CA | X30: Open | Y30: 2025-12-12 | Z30: 2025-12-12 | AA30: 2025-12-12 | AD30: COMMONCARRIER | AE30: 2025-12-15 | AF30: 2025-12-15
A31: SO | B31: 1015716 | C31: 1 | E31: MIXED | H31: Pack_2x3x19_Dun_3680 | I31: 1 | J31: 2 | K31: 2 | L31: 3 | M31: 1 | N31: 19 | O31: 4 | Q31: 2" X 3" X 19" DUNNAGE | R31: Westrend Exteriors Inc. | S31: Customer Pickup | W31: CA | X31: Open | Y31: 2025-12-12 | Z31: 2025-12-12 | AA31: 2025-12-12 | AD31: COMMONCARRIER | AE31: 2025-12-15 | AF31: 2025-12-15
A32: SO | B32: 1015716 | C32: 1 | E32: MIXED | H32: Pack_Sub_Bndl_Wrp_3680 | I32: 1 | J32: 2 | K32: 2 | L32: 19 | M32: 0 | N32: 144 | O32: 5 | Q32: Sub-Bundle Wrap - Crepe Paper/Stretch Film | R32: Westrend Exteriors Inc. | S32: Customer Pickup | W32: CA | X32: Open | Y32: 2025-12-12 | Z32: 2025-12-12 | AA32: 2025-12-12 | AD32: COMMONCARRIER | AE32: 2025-12-15 | AF32: 2025-12-15
A33: SO | B33: 1015716 | C33: 1 | E33: MIXED | H33: Pack_Mst_Bndl_Wrp_3680 | I33: 1 | J33: 2 | K33: 2 | L33: 19 | M33: 0 | N33: 144 | O33: 1 | Q33: Master Bundle - Stretch Wrap | R33: Westrend Exteriors Inc. | S33: Customer Pickup | W33: CA | X33: Open | Y33: 2025-12-12 | Z33: 2025-12-12 | AA33: 2025-12-12 | AD33: COMMONCARRIER | AE33: 2025-12-15 | AF33: 2025-12-15
A34: SO | B34: 1015716 | C34: 1 | E34: MIXED | H34: Pack_Pad_19_3680 | I34: 1 | J34: 2 | K34: 2 | L34: 19 | M34: 0 | N34: 144 | O34: 6 | Q34: PAD - 19" X 144" DW ECT #3 WHITE | R34: Westrend Exteriors Inc. | S34: Customer Pickup | W34: CA | X34: Open | Y34: 2025-12-12 | Z34: 2025-12-12 | AA34: 2025-12-12 | AD34: COMMONCARRIER | AE34: 2025-12-15 | AF34: 2025-12-15
A35: SO | B35: 1015716 | C35: 1 | E35: MIXED | H35: Pack_Pad_13_3680 | I35: 1 | J35: 2 | K35: 2 | L35: 13 | M35: 0 | N35: 144 | O35: 4 | Q35: PAD - 13" X 144" DW ECT #3 WHITE | R35: Westrend Exteriors Inc. | S35: Customer Pickup | W35: CA | X35: Open | Y35: 2025-12-12 | Z35: 2025-12-12 | AA35: 2025-12-12 | AD35: COMMONCARRIER | AE35: 2025-12-15 | AF35: 2025-12-15
A37: MC | B37: 1000791 | C37: 0_ALL | H37: Missing_SKUs | I37: 6 | J37: N/A | K37: N/A | L37: N/A | M37: N/A | N37: N/A | O37: N/A | Q37: Missing SKUs Summary | R37: Phantom Mfg. (INT'L) Ltd . | S37: P.O. Box 2310 | U37: Abbotsford | V37: BC | W37: CA | X37: Open | Y37: 2025-11-20 | Z37: 2025-11-27 | AA37: 2025-11-27 | AD37: COMMONCARRIER | AE37: 2025-12-12 | AF37: 2025-12-15
A38: MC | B38: 1000791 | C38: 0 | H38: MC.PHA102328.15DCR | I38: 3 | J38: N/A | K38: N/A | L38: N/A | M38: N/A | N38: N/A | O38: N/A | P38: EA | Q38: PHA - Side Track Cover - Executive - Dark Cedar - Finished Good | R38: Phantom Mfg. (INT'L) Ltd . | S38: P.O. Box 2310 | U38: Abbotsford | V38: BC | W38: CA | X38: Open | Y38: 2025-11-20 | Z38: 2025-11-27 | AA38: 2025-11-27 | AD38: COMMONCARRIER | AE38: 2025-12-12 | AF38: 2025-12-15
A39: MC | B39: 1000791 | C39: 0 | H39: MC.PHA102329.15DCR | I39: 3 | J39: N/A | K39: N/A | L39: N/A | M39: N/A | N39: N/A | O39: N/A | P39: EA | Q39: PHA - Side Track Standard - Executive - Dark Cedar - Finished Good | R39: Phantom Mfg. (INT'L) Ltd . | S39: P.O. Box 2310 | U39: Abbotsford | V39: BC | W39: CA | X39: Open | Y39: 2025-11-20 | Z39: 2025-11-27 | AA39: 2025-11-27 | AD39: COMMONCARRIER | AE39: 2025-12-12 | AF39: 2025-12-15
A41: SO | B41: 1015677 | C41: ALL | H41: Total_Order | I41: 10 | J41: N/A | K41: 48 | L41: N/A | M41: N/A | N41: N/A | O41: 300 | Q41: Total Order Summary | R41: Nulook Exteriors-Shop | S41: 14331 Ewing Ave S | U41: Burnsville | V41: MN | W41: US | X41: Shipping | Y41: 2025-12-10 | Z41: 2025-12-10 | AA41: 2025-12-10 | AD41: COMMONCARRIER | AE41: 2025-12-12 | AF41: 2025-12-15
A42: SO | B42: 1015677 | C42: 1_ALL | E42: MACH5 | H42: Total_Bundle_1 | I42: 10 | J42: N/A | K42: 48 | L42: 8 | M42: 8 | N42: 289 | O42: 300 | Q42: Bundle 1 Summary | R42: Nulook Exteriors-Shop | S42: 14331 Ewing Ave S | U42: Burnsville | V42: MN | W42: US | X42: Shipping | Y42: 2025-12-10 | Z42: 2025-12-10 | AA42: 2025-12-10 | AD42: COMMONCARRIER | AE42: 2025-12-12 | AF42: 2025-12-15
A43: SO | B43: 1015677 | C43: 1 | E43: MACH5 | H43: 6VR.289.15BEE | I43: 2 | J43: 8 | K43: 16 | L43: 7 | M43: 2 | N43: 289 | O43: 112 | P43: BOX8 | Q43: 6" V-Groove - Rib 24 feet (Premium Beechwood) Box of 8 | R43: Nulook Exteriors-Shop | S43: 14331 Ewing Ave S | U43: Burnsville | V43: MN | W43: US | X43: Shipping | Y43: 2025-12-10 | Z43: 2025-12-10 | AA43: 2025-12-10 | AD43: COMMONCARRIER | AE43: 2025-12-12 | AF43: 2025-12-15
A44: SO | B44: 1015677 | C44: 1 | E44: MACH5 | H44: Pack_Angle_7340 | I44: 1 | J44: 8 | K44: 8 | L44: 3 | M44: 0 | N44: 288 | O44: 24 | Q44: PRINTED ANGLEBOARD | R44: Nulook Exteriors-Shop | S44: 14331 Ewing Ave S | U44: Burnsville | V44: MN | W44: US | X44: Shipping | Y44: 2025-12-10 | Z44: 2025-12-10 | AA44: 2025-12-10 | AD44: COMMONCARRIER | AE44: 2025-12-12 | AF44: 2025-12-15
A45: SO | B45: 1015677 | C45: 1 | E45: MACH5 | H45: Pack_1x4x19_Dun_7340 | I45: 1 | J45: 4 | K45: 4 | L45: 4 | M45: 1 | N45: 38 | O45: 4 | Q45: 1" X 4" X 19" DUNNAGE | R45: Nulook Exteriors-Shop | S45: 14331 Ewing Ave S | U45: Burnsville | V45: MN | W45: US | X45: Shipping | Y45: 2025-12-10 | Z45: 2025-12-10 | AA45: 2025-12-10 | AD45: COMMONCARRIER | AE45: 2025-12-12 | AF45: 2025-12-15
A46: SO | B46: 1015677 | C46: 1 | E46: MACH5 | H46: Pack_2x3x19_Dun_7340 | I46: 1 | J46: 4 | K46: 4 | L46: 3 | M46: 1 | N46: 38 | O46: 8 | Q46: 2" X 3" X 19" DUNNAGE | R46: Nulook Exteriors-Shop | S46: 14331 Ewing Ave S | U46: Burnsville | V46: MN | W46: US | X46: Shipping | Y46: 2025-12-10 | Z46: 2025-12-10 | AA46: 2025-12-10 | AD46: COMMONCARRIER | AE46: 2025-12-12 | AF46: 2025-12-15
A47: SO | B47: 1015677 | C47: 1 | E47: MACH5 | H47: Pack_Sub_Bndl_Wrp_7340 | I47: 1 | J47: 4 | K47: 4 | L47: 19 | M47: 0 | N47: 288 | O47: 10 | Q47: Sub-Bundle Wrap - Crepe Paper/Stretch Film | R47: Nulook Exteriors-Shop | S47: 14331 Ewing Ave S | U47: Burnsville | V47: MN | W47: US | X47: Shipping | Y47: 2025-12-10 | Z47: 2025-12-10 | AA47: 2025-12-10 | AD47: COMMONCARRIER | AE47: 2025-12-12 | AF47: 2025-12-15
A48: SO | B48: 1015677 | C48: 1 | E48: MACH5 | H48: Pack_Mst_Bndl_Wrp_7340 | I48: 1 | J48: 4 | K48: 4 | L48: 19 | M48: 0 | N48: 288 | O48: 2 | Q48: Master Bundle - Stretch Wrap | R48: Nulook Exteriors-Shop | S48: 14331 Ewing Ave S | U48: Burnsville | V48: MN | W48: US | X48: Shipping | Y48: 2025-12-10 | Z48: 2025-12-10 | AA48: 2025-12-10 | AD48: COMMONCARRIER | AE48: 2025-12-12 | AF48: 2025-12-15
A49: SO | B49: 1015677 | C49: 1 | E49: MACH5 | H49: Pack_Pad_8_7340 | I49: 1 | J49: 4 | K49: 4 | L49: 8 | M49: 0 | N49: 288 | O49: 4 | Q49: PAD - 8-1/2" X 144" DW ECT #3 WHITE | R49: Nulook Exteriors-Shop | S49: 14331 Ewing Ave S | U49: Burnsville | V49: MN | W49: US | X49: Shipping | Y49: 2025-12-10 | Z49: 2025-12-10 | AA49: 2025-12-10 | AD49: COMMONCARRIER | AE49: 2025-12-12 | AF49: 2025-12-15
A50: SO | B50: 1015677 | C50: 1 | E50: MACH5 | H50: Pack_Lumber_7340 | I50: 2 | J50: 2 | K50: 4 | L50: 4 | M50: 1 | N50: 288 | O50: 12 | Q50: COMMON LUMBER - 1" X 4" X 12' | R50: Nulook Exteriors-Shop | S50: 14331 Ewing Ave S | U50: Burnsville | V50: MN | W50: US | X50: Shipping | Y50: 2025-12-10 | Z50: 2025-12-10 | AA50: 2025-12-10 | AD50: COMMONCARRIER | AE50: 2025-12-12 | AF50: 2025-12-15
A52: SO | B52: 1015554 | C52: ALL | H52: Total_Order | I52: 8 | J52: N/A | K52: 23 | L52: N/A | M52: N/A | N52: N/A | O52: 85 | Q52: Total Order Summary | R52: Gentek Building Products 442 (Nanaimo, BC) | S52: 4301 Boban Drive | U52: Nanaimo | V52: BC | W52: CA | X52: Shipping | Y52: 2025-11-28 | Z52: 2025-12-01 | AA52: 2025-12-01 | AD52: COMMONCARRIER | AE52: 2025-12-05 | AF52: 2025-12-15
A53: SO | B53: 1015554 | C53: 1_ALL | E53: MACH1 | H53: Total_Bundle_1 | I53: 8 | J53: N/A | K53: 23 | L53: 8 | M53: 6 | N53: 145 | O53: 85 | Q53: Bundle 1 Summary | R53: Gentek Building Products 442 (Nanaimo, BC) | S53: 4301 Boban Drive | U53: Nanaimo | V53: BC | W53: CA | X53: Shipping | Y53: 2025-11-28 | Z53: 2025-12-01 | AA53: 2025-12-01 | AD53: COMMONCARRIER | AE53: 2025-12-05 | AF53: 2025-12-15
A54: SO | B54: 1015554 | C54: 1 | E54: MACH1 | H54: 6VP.145.15SGR | I54: 1 | J54: 8 | K54: 8 | L54: 7 | M54: 2 | N54: 145 | O54: 53 | P54: BOX8 | Q54: 6" V-Groove Perforated 12 feet (Premium Slate Grey) Box of 8 | R54: Gentek Building Products 442 (Nanaimo, BC) | S54: 4301 Boban Drive | U54: Nanaimo | V54: BC | W54: CA | X54: Shipping | Y54: 2025-11-28 | Z54: 2025-12-01 | AA54: 2025-12-01 | AD54: COMMONCARRIER | AE54: 2025-12-05 | AF54: 2025-12-15
A55: SO | B55: 1015554 | C55: 1 | E55: MACH1 | H55: Pack_Angle_3680 | I55: 1 | J55: 4 | K55: 4 | L55: 3 | M55: 0 | N55: 144 | O55: 12 | Q55: PRINTED ANGLEBOARD | R55: Gentek Building Products 442 (Nanaimo, BC) | S55: 4301 Boban Drive | U55: Nanaimo | V55: BC | W55: CA | X55: Shipping | Y55: 2025-11-28 | Z55: 2025-12-01 | AA55: 2025-12-01 | AD55: COMMONCARRIER | AE55: 2025-12-05 | AF55: 2025-12-15
A56: SO | B56: 1015554 | C56: 1 | E56: MACH1 | H56: Pack_1x4x19_Dun_3680 | I56: 1 | J56: 2 | K56: 2 | L56: 4 | M56: 1 | N56: 19 | O56: 2 | Q56: 1" X 4" X 19" DUNNAGE | R56: Gentek Building Products 442 (Nanaimo, BC) | S56: 4301 Boban Drive | U56: Nanaimo | V56: BC | W56: CA | X56: Shipping | Y56: 2025-11-28 | Z56: 2025-12-01 | AA56: 2025-12-01 | AD56: COMMONCARRIER | AE56: 2025-12-05 | AF56: 2025-12-15
A57: SO | B57: 1015554 | C57: 1 | E57: MACH1 | H57: Pack_2x3x19_Dun_3680 | I57: 1 | J57: 2 | K57: 2 | L57: 3 | M57: 1 | N57: 19 | O57: 4 | Q57: 2" X 3" X 19" DUNNAGE | R57: Gentek Building Products 442 (Nanaimo, BC) | S57: 4301 Boban Drive | U57: Nanaimo | V57: BC | W57: CA | X57: Shipping | Y57: 2025-11-28 | Z57: 2025-12-01 | AA57: 2025-12-01 | AD57: COMMONCARRIER | AE57: 2025-12-05 | AF57: 2025-12-15
A58: SO | B58: 1015554 | C58: 1 | E58: MACH1 | H58: Pack_Sub_Bndl_Wrp_3680 | I58: 1 | J58: 2 | K58: 2 | L58: 19 | M58: 0 | N58: 144 | O58: 5 | Q58: Sub-Bundle Wrap - Crepe Paper/Stretch Film | R58: Gentek Building Products 442 (Nanaimo, BC) | S58: 4301 Boban Drive | U58: Nanaimo | V58: BC | W58: CA | X58: Shipping | Y58: 2025-11-28 | Z58: 2025-12-01 | AA58: 2025-12-01 | AD58: COMMONCARRIER | AE58: 2025-12-05 | AF58: 2025-12-15
A59: SO | B59: 1015554 | C59: 1 | E59: MACH1 | H59: Pack_Mst_Bndl_Wrp_3680 | I59: 1 | J59: 2 | K59: 2 | L59: 19 | M59: 0 | N59: 144 | O59: 1 | Q59: Master Bundle - Stretch Wrap | R59: Gentek Building Products 442 (Nanaimo, BC) | S59: 4301 Boban Drive | U59: Nanaimo | V59: BC | W59: CA | X59: Shipping | Y59: 2025-11-28 | Z59: 2025-12-01 | AA59: 2025-12-01 | AD59: COMMONCARRIER | AE59: 2025-12-05 | AF59: 2025-12-15
A60: SO | B60: 1015554 | C60: 1 | E60: MACH1 | H60: Pack_Pad_8_3680 | I60: 1 | J60: 2 | K60: 2 | L60: 8 | M60: 0 | N60: 144 | O60: 2 | Q60: PAD - 8-1/2" X 144" DW ECT #3 WHITE | R60: Gentek Building Products 442 (Nanaimo, BC) | S60: 4301 Boban Drive | U60: Nanaimo | V60: BC | W60: CA | X60: Shipping | Y60: 2025-11-28 | Z60: 2025-12-01 | AA60: 2025-12-01 | AD60: COMMONCARRIER | AE60: 2025-12-05 | AF60: 2025-12-15
A61: SO | B61: 1015554 | C61: 1 | E61: MACH1 | H61: Pack_Lumber_3680 | I61: 1 | J61: 1 | K61: 1 | L61: 4 | M61: 1 | N61: 144 | O61: 6 | Q61: COMMON LUMBER - 1" X 4" X 12' | R61: Gentek Building Products 442 (Nanaimo, BC) | S61: 4301 Boban Drive | U61: Nanaimo | V61: BC | W61: CA | X61: Shipping | Y61: 2025-11-28 | Z61: 2025-12-01 | AA61: 2025-12-01 | AD61: COMMONCARRIER | AE61: 2025-12-05 | AF61: 2025-12-15
A63: SO | B63: 1015668 | C63: ALL | H63: Total_Order | I63: 8 | J63: N/A | K63: 38 | L63: N/A | M63: N/A | N63: N/A | O63: 183 | Q63: Total Order Summary | R63: Roofmart Alberta Inc. - Calgary South | S63: 10421 – 116 Street | U63: Fort St John | V63: BC | W63: CA | X63: Shipping | Y63: 2025-12-09 | Z63: 2025-12-15 | AA63: 2025-12-15 | AD63: COMMONCARRIER | AE63: 2025-12-15 | AF63: 2025-12-15
A64: SO | B64: 1015668 | C64: 1_ALL | E64: MACH5 | H64: Total_Bundle_1 | I64: 8 | J64: N/A | K64: 38 | L64: 8 | M64: 6 | N64: 289 | O64: 183 | Q64: Bundle 1 Summary | R64: Roofmart Alberta Inc. - Calgary South | S64: 10421 – 116 Street | U64: Fort St John | V64: BC | W64: CA | X64: Shipping | Y64: 2025-12-09 | Z64: 2025-12-15 | AA64: 2025-12-15 | AD64: COMMONCARRIER | AE64: 2025-12-15 | AF64: 2025-12-15
A65: SO | B65: 1015668 | C65: 1 | E65: MACH5 | H65: 6PSPP.289.15DKP | I65: 1 | J65: 8 | K65: 8 | L65: 7 | M65: 2 | N65: 289 | O65: 118 | P65: BOX8 | Q65: 6" Smooth Plank Perforated 24 feet (Premium Dark Knotty Pine) Box of 8 | R65: Roofmart Alberta Inc. - Calgary South | S65: 10421 – 116 Street | U65: Fort St John | V65: BC | W65: CA | X65: Shipping | Y65: 2025-12-09 | Z65: 2025-12-15 | AA65: 2025-12-15 | AD65: COMMONCARRIER | AE65: 2025-12-15 | AF65: 2025-12-15
A66: SO | B66: 1015668 | C66: 1 | E66: MACH5 | H66: Pack_Angle_7340 | I66: 1 | J66: 8 | K66: 8 | L66: 3 | M66: 0 | N66: 288 | O66: 24 | Q66: PRINTED ANGLEBOARD | R66: Roofmart Alberta Inc. - Calgary South | S66: 10421 – 116 Street | U66: Fort St John | V66: BC | W66: CA | X66: Shipping | Y66: 2025-12-09 | Z66: 2025-12-15 | AA66: 2025-12-15 | AD66: COMMONCARRIER | AE66: 2025-12-15 | AF66: 2025-12-15
A67: SO | B67: 1015668 | C67: 1 | E67: MACH5 | H67: Pack_1x4x19_Dun_7340 | I67: 1 | J67: 4 | K67: 4 | L67: 4 | M67: 1 | N67: 38 | O67: 4 | Q67: 1" X 4" X 19" DUNNAGE | R67: Roofmart Alberta Inc. - Calgary South | S67: 10421 – 116 Street | U67: Fort St John | V67: BC | W67: CA | X67: Shipping | Y67: 2025-12-09 | Z67: 2025-12-15 | AA67: 2025-12-15 | AD67: COMMONCARRIER | AE67: 2025-12-15 | AF67: 2025-12-15
A68: SO | B68: 1015668 | C68: 1 | E68: MACH5 | H68: Pack_2x3x19_Dun_7340 | I68: 1 | J68: 4 | K68: 4 | L68: 3 | M68: 1 | N68: 38 | O68: 8 | Q68: 2" X 3" X 19" DUNNAGE | R68: Roofmart Alberta Inc. - Calgary South | S68: 10421 – 116 Street | U68: Fort St John | V68: BC | W68: CA | X68: Shipping | Y68: 2025-12-09 | Z68: 2025-12-15 | AA68: 2025-12-15 | AD68: COMMONCARRIER | AE68: 2025-12-15 | AF68: 2025-12-15
A69: SO | B69: 1015668 | C69: 1 | E69: MACH5 | H69: Pack_Sub_Bndl_Wrp_7340 | I69: 1 | J69: 4 | K69: 4 | L69: 19 | M69: 0 | N69: 288 | O69: 10 | Q69: Sub-Bundle Wrap - Crepe Paper/Stretch Film | R69: Roofmart Alberta Inc. - Calgary South | S69: 10421 – 116 Street | U69: Fort St John | V69: BC | W69: CA | X69: Shipping | Y69: 2025-12-09 | Z69: 2025-12-15 | AA69: 2025-12-15 | AD69: COMMONCARRIER | AE69: 2025-12-15 | AF69: 2025-12-15
A70: SO | B70: 1015668 | C70: 1 | E70: MACH5 | H70: Pack_Mst_Bndl_Wrp_7340 | I70: 1 | J70: 4 | K70: 4 | L70: 19 | M70: 0 | N70: 288 | O70: 2 | Q70: Master Bundle - Stretch Wrap | R70: Roofmart Alberta Inc. - Calgary South | S70: 10421 – 116 Street | U70: Fort St John | V70: BC | W70: CA | X70: Shipping | Y70: 2025-12-09 | Z70: 2025-12-15 | AA70: 2025-12-15 | AD70: COMMONCARRIER | AE70: 2025-12-15 | AF70: 2025-12-15
A71: SO | B71: 1015668 | C71: 1 | E71: MACH5 | H71: Pack_Pad_8_7340 | I71: 1 | J71: 4 | K71: 4 | L71: 8 | M71: 0 | N71: 288 | O71: 4 | Q71: PAD - 8-1/2" X 144" DW ECT #3 WHITE | R71: Roofmart Alberta Inc. - Calgary South | S71: 10421 – 116 Street | U71: Fort St John | V71: BC | W71: CA | X71: Shipping | Y71: 2025-12-09 | Z71: 2025-12-15 | AA71: 2025-12-15 | AD71: COMMONCARRIER | AE71: 2025-12-15 | AF71: 2025-12-15
A72: SO | B72: 1015668 | C72: 1 | E72: MACH5 | H72: Pack_Lumber_7340 | I72: 1 | J72: 2 | K72: 2 | L72: 4 | M72: 1 | N72: 288 | O72: 12 | Q72: COMMON LUMBER - 1" X 4" X 12' | R72: Roofmart Alberta Inc. - Calgary South | S72: 10421 – 116 Street | U72: Fort St John | V72: BC | W72: CA | X72: Shipping | Y72: 2025-12-09 | Z72: 2025-12-15 | AA72: 2025-12-15 | AD72: COMMONCARRIER | AE72: 2025-12-15 | AF72: 2025-12-15
A74: SO | B74: 1015689 | C74: ALL | H74: Total_Order | I74: 8 | J74: N/A | K74: 23 | L74: N/A | M74: N/A | N74: N/A | O74: 91 | Q74: Total Order Summary | R74: Gentek Building Products(Ville d'Anjou 441) | S74: 11000 Rue Colbert | U74: Ville d'Anjou, Montreal | V74: QC | W74: CA | X74: Shipping | Y74: 2025-12-10 | Z74: 2025-12-10 | AA74: 2025-12-10 | AD74: COMMONCARRIER | AE74: 2025-12-12 | AF74: 2025-12-15
A75: SO | B75: 1015689 | C75: 1_ALL | E75: MACH1 | H75: Total_Bundle_1 | I75: 8 | J75: N/A | K75: 23 | L75: 8 | M75: 6 | N75: 145 | O75: 91 | Q75: Bundle 1 Summary | R75: Gentek Building Products(Ville d'Anjou 441) | S75: 11000 Rue Colbert | U75: Ville d'Anjou, Montreal | V75: QC | W75: CA | X75: Shipping | Y75: 2025-12-10 | Z75: 2025-12-10 | AA75: 2025-12-10 | AD75: COMMONCARRIER | AE75: 2025-12-12 | AF75: 2025-12-15
A76: SO | B76: 1015689 | C76: 1 | E76: MACH1 | H76: 6PSP.145.15OBL | I76: 1 | J76: 8 | K76: 8 | L76: 7 | M76: 2 | N76: 145 | O76: 59 | P76: BOX8 | Q76: 6" Smooth Plank 12 feet (Premium Onyx Black) Box of 8 | R76: Gentek Building Products(Ville d'Anjou 441) | S76: 11000 Rue Colbert | U76: Ville d'Anjou, Montreal | V76: QC | W76: CA | X76: Shipping | Y76: 2025-12-10 | Z76: 2025-12-10 | AA76: 2025-12-10 | AD76: COMMONCARRIER | AE76: 2025-12-12 | AF76: 2025-12-15
A77: SO | B77: 1015689 | C77: 1 | E77: MACH1 | H77: Pack_Angle_3680 | I77: 1 | J77: 4 | K77: 4 | L77: 3 | M77: 0 | N77: 144 | O77: 12 | Q77: PRINTED ANGLEBOARD | R77: Gentek Building Products(Ville d'Anjou 441) | S77: 11000 Rue Colbert | U77: Ville d'Anjou, Montreal | V77: QC | W77: CA | X77: Shipping | Y77: 2025-12-10 | Z77: 2025-12-10 | AA77: 2025-12-10 | AD77: COMMONCARRIER | AE77: 2025-12-12 | AF77: 2025-12-15
A78: SO | B78: 1015689 | C78: 1 | E78: MACH1 | H78: Pack_1x4x19_Dun_3680 | I78: 1 | J78: 2 | K78: 2 | L78: 4 | M78: 1 | N78: 19 | O78: 2 | Q78: 1" X 4" X 19" DUNNAGE | R78: Gentek Building Products(Ville d'Anjou 441) | S78: 11000 Rue Colbert | U78: Ville d'Anjou, Montreal | V78: QC | W78: CA | X78: Shipping | Y78: 2025-12-10 | Z78: 2025-12-10 | AA78: 2025-12-10 | AD78: COMMONCARRIER | AE78: 2025-12-12 | AF78: 2025-12-15
A79: SO | B79: 1015689 | C79: 1 | E79: MACH1 | H79: Pack_2x3x19_Dun_3680 | I79: 1 | J79: 2 | K79: 2 | L79: 3 | M79: 1 | N79: 19 | O79: 4 | Q79: 2" X 3" X 19" DUNNAGE | R79: Gentek Building Products(Ville d'Anjou 441) | S79: 11000 Rue Colbert | U79: Ville d'Anjou, Montreal | V79: QC | W79: CA | X79: Shipping | Y79: 2025-12-10 | Z79: 2025-12-10 | AA79: 2025-12-10 | AD79: COMMONCARRIER | AE79: 2025-12-12 | AF79: 2025-12-15
A80: SO | B80: 1015689 | C80: 1 | E80: MACH1 | H80: Pack_Sub_Bndl_Wrp_3680 | I80: 1 | J80: 2 | K80: 2 | L80: 19 | M80: 0 | N80: 144 | O80: 5 | Q80: Sub-Bundle Wrap - Crepe Paper/Stretch Film | R80: Gentek Building Products(Ville d'Anjou 441) | S80: 11000 Rue Colbert | U80: Ville d'Anjou, Montreal | V80: QC | W80: CA | X80: Shipping | Y80: 2025-12-10 | Z80: 2025-12-10 | AA80: 2025-12-10 | AD80: COMMONCARRIER | AE80: 2025-12-12 | AF80: 2025-12-15
A81: SO | B81: 1015689 | C81: 1 | E81: MACH1 | H81: Pack_Mst_Bndl_Wrp_3680 | I81: 1 | J81: 2 | K81: 2 | L81: 19 | M81: 0 | N81: 144 | O81: 1 | Q81: Master Bundle - Stretch Wrap | R81: Gentek Building Products(Ville d'Anjou 441) | S81: 11000 Rue Colbert | U81: Ville d'Anjou, Montreal | V81: QC | W81: CA | X81: Shipping | Y81: 2025-12-10 | Z81: 2025-12-10 | AA81: 2025-12-10 | AD81: COMMONCARRIER | AE81: 2025-12-12 | AF81: 2025-12-15
A82: SO | B82: 1015689 | C82: 1 | E82: MACH1 | H82: Pack_Pad_8_3680 | I82: 1 | J82: 2 | K82: 2 | L82: 8 | M82: 0 | N82: 144 | O82: 2 | Q82: PAD - 8-1/2" X 144" DW ECT #3 WHITE | R82: Gentek Building Products(Ville d'Anjou 441) | S82: 11000 Rue Colbert | U82: Ville d'Anjou, Montreal | V82: QC | W82: CA | X82: Shipping | Y82: 2025-12-10 | Z82: 2025-12-10 | AA82: 2025-12-10 | AD82: COMMONCARRIER | AE82: 2025-12-12 | AF82: 2025-12-15
A83: SO | B83: 1015689 | C83: 1 | E83: MACH1 | H83: Pack_Lumber_3680 | I83: 1 | J83: 1 | K83: 1 | L83: 4 | M83: 1 | N83: 144 | O83: 6 | Q83: COMMON LUMBER - 1" X 4" X 12' | R83: Gentek Building Products(Ville d'Anjou 441) | S83: 11000 Rue Colbert | U83: Ville d'Anjou, Montreal | V83: QC | W83: CA | X83: Shipping | Y83: 2025-12-10 | Z83: 2025-12-10 | AA83: 2025-12-10 | AD83: COMMONCARRIER | AE83: 2025-12-12 | AF83: 2025-12-15
A85: RO | B85: 1000503 | C85: ALL | H85: Total_Order | I85: 7 | J85: N/A | K85: 33 | L85: N/A | M85: N/A | N85: N/A | O85: 42 | Q85: Total Order Summary | R85: Lansing Building Products (West Valley City, UT) | S85: 4927 W 2400 S Suite 200 | U85: West Valley City | V85: UT | W85: US | X85: Shipping | Y85: 2025-12-11 | Z85: 2025-12-11 | AA85: 2025-12-11 | AD85: COMMONCARRIER | AE85: 2025-12-12 | AF85: 2025-12-15
A86: RO | B86: 1000503 | C86: 1_ALL | E86: MIXED | H86: Total_Bundle_1 | I86: 7 | J86: N/A | K86: 33 | L86: 4 | M86: 5 | N86: 145 | O86: 42 | Q86: Bundle 1 Summary | R86: Lansing Building Products (West Valley City, UT) | S86: 4927 W 2400 S Suite 200 | U86: West Valley City | V86: UT | W86: US | X86: Shipping | Y86: 2025-12-11 | Z86: 2025-12-11 | AA86: 2025-12-11 | AD86: COMMONCARRIER | AE86: 2025-12-12 | AF86: 2025-12-15
A87: RO | B87: 1000503 | C87: 1 | E87: MIXED | H87: 1TJT.72.15BEE | I87: 1 | J87: 20 | K87: 20 | L87: 3 | M87: 1 | N87: 72 | O87: 12 | P87: EA | Q87: 1" Base - 1X1JT / 1X2JT / JT23S - Component 2 6 Feet (Premium Beechwood) | R87: Lansing Building Products (West Valley City, UT) | S87: 4927 W 2400 S Suite 200 | U87: West Valley City | V87: UT | W87: US | X87: Shipping | Y87: 2025-12-11 | Z87: 2025-12-11 | AA87: 2025-12-11 | AD87: COMMONCARRIER | AE87: 2025-12-12 | AF87: 2025-12-15
A88: RO | B88: 1000503 | C88: 1 | E88: MIXED | H88: Pack_Angle_3680 | I88: 1 | J88: 4 | K88: 4 | L88: 3 | M88: 0 | N88: 144 | O88: 12 | Q88: PRINTED ANGLEBOARD | R88: Lansing Building Products (West Valley City, UT) | S88: 4927 W 2400 S Suite 200 | U88: West Valley City | V88: UT | W88: US | X88: Shipping | Y88: 2025-12-11 | Z88: 2025-12-11 | AA88: 2025-12-11 | AD88: COMMONCARRIER | AE88: 2025-12-12 | AF88: 2025-12-15
A89: RO | B89: 1000503 | C89: 1 | E89: MIXED | H89: Pack_1x4x19_Dun_3680 | I89: 1 | J89: 2 | K89: 2 | L89: 4 | M89: 1 | N89: 19 | O89: 2 | Q89: 1" X 4" X 19" DUNNAGE | R89: Lansing Building Products (West Valley City, UT) | S89: 4927 W 2400 S Suite 200 | U89: West Valley City | V89: UT | W89: US | X89: Shipping | Y89: 2025-12-11 | Z89: 2025-12-11 | AA89: 2025-12-11 | AD89: COMMONCARRIER | AE89: 2025-12-12 | AF89: 2025-12-15
A90: RO | B90: 1000503 | C90: 1 | E90: MIXED | H90: Pack_2x3x19_Dun_3680 | I90: 1 | J90: 2 | K90: 2 | L90: 3 | M90: 1 | N90: 19 | O90: 4 | Q90: 2" X 3" X 19" DUNNAGE | R90: Lansing Building Products (West Valley City, UT) | S90: 4927 W 2400 S Suite 200 | U90: West Valley City | V90: UT | W90: US | X90: Shipping | Y90: 2025-12-11 | Z90: 2025-12-11 | AA90: 2025-12-11 | AD90: COMMONCARRIER | AE90: 2025-12-12 | AF90: 2025-12-15
A91: RO | B91: 1000503 | C91: 1 | E91: MIXED | H91: Pack_Sub_Bndl_Wrp_3680 | I91: 1 | J91: 2 | K91: 2 | L91: 19 | M91: 0 | N91: 144 | O91: 5 | Q91: Sub-Bundle Wrap - Crepe Paper/Stretch Film | R91: Lansing Building Products (West Valley City, UT) | S91: 4927 W 2400 S Suite 200 | U91: West Valley City | V91: UT | W91: US | X91: Shipping | Y91: 2025-12-11 | Z91: 2025-12-11 | AA91: 2025-12-11 | AD91: COMMONCARRIER | AE91: 2025-12-12 | AF91: 2025-12-15
A92: RO | B92: 1000503 | C92: 1 | E92: MIXED | H92: Pack_Mst_Bndl_Wrp_3680 | I92: 1 | J92: 2 | K92: 2 | L92: 19 | M92: 0 | N92: 144 | O92: 1 | Q92: Master Bundle - Stretch Wrap | R92: Lansing Building Products (West Valley City, UT) | S92: 4927 W 2400 S Suite 200 | U92: West Valley City | V92: UT | W92: US | X92: Shipping | Y92: 2025-12-11 | Z92: 2025-12-11 | AA92: 2025-12-11 | AD92: COMMONCARRIER | AE92: 2025-12-12 | AF92: 2025-12-15
A93: RO | B93: 1000503 | C93: 1 | E93: MIXED | H93: Pack_Lumber_3680 | I93: 1 | J93: 1 | K93: 1 | L93: 4 | M93: 1 | N93: 144 | O93: 6 | Q93: COMMON LUMBER - 1" X 4" X 12' | R93: Lansing Building Products (West Valley City, UT) | S93: 4927 W 2400 S Suite 200 | U93: West Valley City | V93: UT | W93: US | X93: Shipping | Y93: 2025-12-11 | Z93: 2025-12-11 | AA93: 2025-12-11 | AD93: COMMONCARRIER | AE93: 2025-12-12 | AF93: 2025-12-15
A95: SO | B95: 1015582 | C95: ALL | H95: Total_Order | I95: 53 | J95: N/A | K95: 517 | L95: N/A | M95: N/A | N95: N/A | O95: 993 | Q95: Total Order Summary | R95: Oxbow | S95: 2125 North Davidson Street | U95: Charlotte | V95: NC | W95: US | X95: Shipping | Y95: 2025-12-02 | Z95: 2025-12-02 | AA95: 2025-12-02 | AD95: COMMONCARRIER | AE95: 2025-12-05 | AF95: 2025-12-15
A96: SO | B96: 1015582 | C96: 1_ALL | E96: MACH5 | H96: Total_Bundle_1 | I96: 53 | J96: N/A | K96: 517 | L96: 22 | M96: 16 | N96: 145 | O96: 993 | Q96: Bundle 1 Summary | R96: Oxbow | S96: 2125 North Davidson Street | U96: Charlotte | V96: NC | W96: US | X96: Shipping | Y96: 2025-12-02 | Z96: 2025-12-02 | AA96: 2025-12-02 | AD96: COMMONCARRIER | AE96: 2025-12-05 | AF96: 2025-12-15
A97: SO | B97: 1015582 | C97: 1 | E97: MACH5 | H97: 2COR2.145.15BEE | I97: 12 | J97: 4 | K97: 48 | L97: 2 | M97: 3 | N97: 145 | O97: 17 | P97: EA | Q97: 2" Two Piece Corner - 2CORS - Component 2 12 feet (Premium Beechwood) | R97: Oxbow | S97: 2125 North Davidson Street | U97: Charlotte | V97: NC | W97: US | X97: Shipping | Y97: 2025-12-02 | Z97: 2025-12-02 | AA97: 2025-12-02 | AD97: COMMONCARRIER | AE97: 2025-12-05 | AF97: 2025-12-15
A98: SO | B98: 1015582 | C98: 1 | E98: MACH5 | H98: 2COR2.145.15BEE_Partial | I98: 1 | J98: 2 | K98: 2 | L98: 1 | M98: 3 | N98: 145 | O98: 9 | P98: EA | Q98: 2" Two Piece Corner - 2CORS - Component 2 12 feet (Premium Beechwood) | R98: Oxbow | S98: 2125 North Davidson Street | U98: Charlotte | V98: NC | W98: US | X98: Shipping | Y98: 2025-12-02 | Z98: 2025-12-02 | AA98: 2025-12-02 | AD98: COMMONCARRIER | AE98: 2025-12-05 | AF98: 2025-12-15
A99: SO | B99: 1015582 | C99: 1 | E99: MACH5 | H99: 2TB.145.15BEE | I99: 10 | J99: 10 | K99: 100 | L99: 3 | M99: 1 | N99: 145 | O99: 18 | P99: EA | Q99: 1-1/2" Base - 1TS / 2TS / TS23S - Component 2 12 feet (Premium Beechwood) | R99: Oxbow | S99: 2125 North Davidson Street | U99: Charlotte | V99: NC | W99: US | X99: Shipping | Y99: 2025-12-02 | Z99: 2025-12-02 | AA99: 2025-12-02 | AD99: COMMONCARRIER | AE99: 2025-12-05 | AF99: 2025-12-15
A100: SO | B100: 1015582 | C100: 1 | E100: MACH5 | H100: 2COR1.145.15BEE | I100: 6 | J100: 8 | K100: 48 | L100: 4 | M100: 2 | N100: 145 | O100: 22 | P100: EA | Q100: 2" Two Piece Corner - 2CORS - Component 1 12 feet (Premium Beechwood) | R100: Oxbow | S100: 2125 North Davidson Street | U100: Charlotte | V100: NC | W100: US | X100: Shipping | Y100: 2025-12-02 | Z100: 2025-12-02 | AA100: 2025-12-02 | AD100: COMMONCARRIER | AE100: 2025-12-05 | AF100: 2025-12-15
A101: SO | B101: 1015582 | C101: 1 | E101: MACH5 | H101: 2COR1.145.15BEE_Partial | I101: 1 | J101: 2 | K101: 2 | L101: 4 | M101: 0 | N101: 145 | O101: 6 | P101: EA | Q101: 2" Two Piece Corner - 2CORS - Component 1 12 feet (Premium Beechwood) | R101: Oxbow | S101: 2125 North Davidson Street | U101: Charlotte | V101: NC | W101: US | X101: Shipping | Y101: 2025-12-02 | Z101: 2025-12-02 | AA101: 2025-12-02 | AD101: COMMONCARRIER | AE101: 2025-12-05 | AF101: 2025-12-15
A102: SO | B102: 1015582 | C102: 1 | E102: MACH5 | H102: 2TJT.145.15BEE | I102: 10 | J102: 20 | K102: 200 | L102: 2 | M102: 1 | N102: 145 | O102: 29 | P102: EA | Q102: 1-3/8" Cap - 1X2JT / 2TS - Component 1 12 feet (Premium Beechwood) | R102: Oxbow | S102: 2125 North Davidson Street | U102: Charlotte | V102: NC | W102: US | X102: Shipping | Y102: 2025-12-02 | Z102: 2025-12-02 | AA102: 2025-12-02 | AD102: COMMONCARRIER | AE102: 2025-12-05 | AF102: 2025-12-15
A103: SO | B103: 1015582 | C103: 1 | E103: MACH5 | H103: 1TJT.145.15BEE | I103: 5 | J103: 20 | K103: 100 | L103: 1 | M103: 3 | N103: 145 | O103: 24 | P103: EA | Q103: 1" Base - 1X1JT / 1X2JT / JT23S - Component 2 12 feet (Premium Beechwood) | R103: Oxbow | S103: 2125 North Davidson Street | U103: Charlotte | V103: NC | W103: US | X103: Shipping | Y103: 2025-12-02 | Z103: 2025-12-02 | AA103: 2025-12-02 | AD103: COMMONCARRIER | AE103: 2025-12-05 | AF103: 2025-12-15
A104: SO | B104: 1015582 | C104: 1 | E104: MACH5 | H104: Pack_62Filler | I104: 1 | J104: 1 | K104: 1 | L104: 6 | M104: 2 | N104: 144 | O104: 5 | Q104: 6"x2" FILLER BOX | R104: Oxbow | S104: 2125 North Davidson Street | U104: Charlotte | V104: NC | W104: US | X104: Shipping | Y104: 2025-12-02 | Z104: 2025-12-02 | AA104: 2025-12-02 | AD104: COMMONCARRIER | AE104: 2025-12-05 | AF104: 2025-12-15
A105: SO | B105: 1015582 | C105: 1 | E105: MACH5 | H105: Pack_Angle_3680 | I105: 1 | J105: 4 | K105: 4 | L105: 3 | M105: 0 | N105: 144 | O105: 12 | Q105: PRINTED ANGLEBOARD | R105: Oxbow | S105: 2125 North Davidson Street | U105: Charlotte | V105: NC | W105: US | X105: Shipping | Y105: 2025-12-02 | Z105: 2025-12-02 | AA105: 2025-12-02 | AD105: COMMONCARRIER | AE105: 2025-12-05 | AF105: 2025-12-15
A106: SO | B106: 1015582 | C106: 1 | E106: MACH5 | H106: Pack_1x4x19_Dun_3680 | I106: 1 | J106: 2 | K106: 2 | L106: 4 | M106: 1 | N106: 19 | O106: 2 | Q106: 1" X 4" X 19" DUNNAGE | R106: Oxbow | S106: 2125 North Davidson Street | U106: Charlotte | V106: NC | W106: US | X106: Shipping | Y106: 2025-12-02 | Z106: 2025-12-02 | AA106: 2025-12-02 | AD106: COMMONCARRIER | AE106: 2025-12-05 | AF106: 2025-12-15
A107: SO | B107: 1015582 | C107: 1 | E107: MACH5 | H107: Pack_2x3x19_Dun_3680 | I107: 1 | J107: 2 | K107: 2 | L107: 3 | M107: 1 | N107: 19 | O107: 4 | Q107: 2" X 3" X 19" DUNNAGE | R107: Oxbow | S107: 2125 North Davidson Street | U107: Charlotte | V107: NC | W107: US | X107: Shipping | Y107: 2025-12-02 | Z107: 2025-12-02 | AA107: 2025-12-02 | AD107: COMMONCARRIER | AE107: 2025-12-05 | AF107: 2025-12-15
A108: SO | B108: 1015582 | C108: 1 | E108: MACH5 | H108: Pack_Sub_Bndl_Wrp_3680 | I108: 1 | J108: 2 | K108: 2 | L108: 19 | M108: 0 | N108: 144 | O108: 5 | Q108: Sub-Bundle Wrap - Crepe Paper/Stretch Film | R108: Oxbow | S108: 2125 North Davidson Street | U108: Charlotte | V108: NC | W108: US | X108: Shipping | Y108: 2025-12-02 | Z108: 2025-12-02 | AA108: 2025-12-02 | AD108: COMMONCARRIER | AE108: 2025-12-05 | AF108: 2025-12-15
...
